Unnamed: 0,degree,All Hard Skills,No. of Hard Skills,OJV skills,No. of OJV skills,%. of OJV skills,intersect,logskills
2,Aeronautical Engineering,"['Sustainable Development', 'Clipper', 'Scale', 'Working Drawings', 'Legislation', 'Assembly', 'Engineering', 'Energy', 'CAD', 'Dimensioning', 'Descriptive Geometry', 'Environment', 'Kinematics', 'Calorimetry', 'Thermodynamics', 'Elastic', 'Chemistry', 'Heat Transfer', 'Waste Management', 'Supply Chain Management', 'Gas', 'Construction', 'Waves', 'Supply Chain', 'Waste Treatment', 'Geometry', 'Transistor', 'Optics', 'Calculations', 'Electronics', 'Electricity', 'Science', 'Application', 'Investment Decisions', 'Framework']",35,"['Clipper', 'Legislation', 'Dimensioning', 'Kinematics', 'Calorimetry', 'Thermodynamics', 'Chemistry', 'Construction', 'Geometry', 'Transistor', 'Optics', 'Calculations', 'Electronics', 'Electricity']",21,60.0,"{'Legislation', 'Energy', 'Scale', 'Calorimetry', 'Assembly', 'Framework', 'Elastic', 'Supply Chain', 'Electricity', 'Geometry', 'Calculations', 'Sustainable Development', 'Engineering', 'Waste Treatment', 'Descriptive Geometry', 'Optics', 'Clipper', 'Science', 'Electronics', 'Application', 'Thermodynamics', 'Waste Management', 'Heat Transfer', 'Environment', 'Waves', 'Investment Decisions', 'Working Drawings', 'Dimensioning', 'Supply Chain Management', 'Construction', 'Kinematics', 'Gas', 'CAD', 'Transistor', 'Chemistry'}",3.555348061489413
3,Agricultural and Biosystems Engineering,"['Rate Of Return', 'Financial Reporting', 'Surveying', 'Electrical Engineering', 'Of Water', 'Fluid Statics', 'Solar Energy', 'Foundry', 'Economic Analysis', 'Environmental Control', 'Calorimetry', 'Welding', 'Biomass', 'Management Systems', 'Crop Production', 'Grading', 'Groundwater', 'Feasibility Studies', 'Condensers', 'Conservation', 'Statistics', 'Benefits', 'Storage Systems', 'Anatomy', 'Application', 'Buckling', 'Flow Measurement', 'Land Grading', 'Economics', 'Return On Investment', 'Animal Science', 'Machinery', 'Environment', 'Process Engineering', 'Production', 'Thermodynamics', 'Power Tools', 'Sensitivity Analysis', 'Drainage', 'Control Systems', 'Net Present Value', 'Mechanization', 'Tool', 'Science', 'Random Variables', 'Engineering', 'CAD', 'Physiology', 'Financial Statements', 'Intellectual Property', 'Computer Programming', 'Property Rights', 'Indicators', 'Kinematics', 'Climate Change', 'Hydrograph', 'Poultry', 'Heat Transfer', 'Water Conservation', 'Nutrition', 'Probability', 'Trade Agreement', 'Balance Sheet', 'Optics', 'Calculations', 'Livestock Production', 'Engineering Ethics', 'Irrigation', 'Investments', 'Drainage Systems', 'Material Selection', 'Break-Even Analysis', 'Fluid', 'Sustainable Development', 'International Financial Reporting Standards', 'Topographic Surveying', 'Advanced Mathematics', 'Equations', 'Energy', 'Accounting', 'Income Statement', 'Machining', 'Differential Equations', 'Material', 'Shear', 'Chemistry', 'Statistical Software', 'Statistical software', 'Plant Design', 'Statistical Analysis', 'Construction', 'Waves', 'Erosion Control', 'Time Value Of Money', 'Aquaculture', 'Refrigeration', 'Control Engineering', 'Electricity', 'Reduction', 'Experimental Design']",100,"['Foundry', 'Calorimetry', 'Biomass', 'Groundwater', 'Condensers', 'Conservation', 'Statistics', 'Anatomy', 'Machinery', 'Thermodynamics', 'Physiology', 'Kinematics', 'Poultry', 'Probability', 'Optics', 'Calculations', 'Investments', 'Equations', 'Accounting', 'Machining', 'Chemistry', 'Construction', 'Aquaculture', 'Refrigeration', 'Electricity']",65,65.0,"{'Buckling', 'Material', 'Livestock Production', 'Statistics', 'Benefits', 'Equations', 'Condensers', 'Calculations', 'Animal Science', 'Feasibility Studies', 'Poultry', 'Electrical Engineering', 'Mechanization', 'Land Grading', 'Surveying', 'CAD', 'Accounting', 'Chemistry', 'Crop Production', 'Water Conservation', 'Intellectual Property', 'Climate Change', 'Differential Equations', 'Calorimetry', 'Financial Reporting', 'Hydrograph', 'Electricity', 'Economics', 'Physiology', 'Random Variables', 'Shear', 'Science', 'Net Present Value', 'Thermodynamics', 'Heat Transfer', 'Environment', 'Anatomy', 'Waves', 'Irrigation', 'Management Systems', 'Solar Energy', 'Construction', 'Statistical Analysis', 'Fluid Statics', 'Trade Agreement', 'Experimental Design', 'Drainage Systems', 'Production', 'Investments', 'Energy', 'Reduction', 'Indicators', 'Rate Of Return', 'Topographic Surveying', 'Environmental Control', 'Probability', 'Groundwater', 'Return On Investment', 'Fluid', 'Control Systems', 'Application', 'Time Value Of Money', 'Balance Sheet', 'Advanced Mathematics', 'Break-Even Analysis', 'International Financial Reporting Standards', 'Conservation', 'Income Statement', 'Kinematics', 'Machinery', 'Material Selection', 'Property Rights', 'Power Tools', 'Financial Statements', 'Refrigeration', 'Aquaculture', 'Machining', 'Drainage', 'Statistical software', 'Engineering Ethics', 'Biomass', 'Nutrition', 'Economic Analysis', 'Erosion Control', 'Grading', 'Computer Programming', 'Storage Systems', 'Sustainable Development', 'Welding', 'Optics', 'Foundry', 'Process Engineering', 'Sensitivity Analysis', 'Of Water', 'Flow Measurement', 'Tool', 'Statistical Software', 'Control Engineering', 'Plant Design', 'Engineering'}",4.605170185988092
4,Agriculture,"['Chemical Composition', 'Genetics', 'Production Management', 'Epidemiology', 'Transmission', 'Laboratory Techniques', 'Farming', 'Population Dynamics', 'Laboratory Procedures', 'Weed Control', 'Drawing', 'Eukaryotes', 'Sampling', 'Environment', 'Photography', 'Disease Management', 'Production', 'Poultry', 'Biology', 'Plant Propagation', 'Microfinance', 'Land Use', 'Ecology', 'Nutrition', 'Marketing', 'Conservation', 'Illustration', 'Supply Chain', 'Taxonomy', 'Landscaping', 'Curation', 'Viruses', 'Metabolism', 'Land Management', 'Mechanics', 'Agriculture', 'Disease Prevention', 'Soil Conservation', 'Soil Health', 'Morphology', 'Application', 'Biosecurity', 'Dissemination', 'Disease Control']",44,"['Genetics', 'Epidemiology', 'Transmission', 'Farming', 'Drawing', 'Photography', 'Poultry', 'Biology', 'Microfinance', 'Ecology', 'Marketing', 'Conservation', 'Illustration', 'Taxonomy', 'Curation', 'Viruses', 'Metabolism', 'Mechanics', 'Morphology', 'Biosecurity', 'Dissemination']",29,65.9090909090909,"{'Laboratory Techniques', 'Biosecurity', 'Production', 'Disease Control', 'Drawing', 'Soil Health', 'Chemical Composition', 'Transmission', 'Mechanics', 'Epidemiology', 'Microfinance', 'Agriculture', 'Soil Conservation', 'Photography', 'Nutrition', 'Supply Chain', 'Genetics', 'Eukaryotes', 'Dissemination', 'Landscaping', 'Land Management', 'Curation', 'Disease Management', 'Weed Control', 'Ecology', 'Morphology', 'Poultry', 'Metabolism', 'Application', 'Biology', 'Marketing', 'Sampling', 'Environment', 'Plant Propagation', 'Population Dynamics', 'Land Use', 'Conservation', 'Illustration', 'Viruses', 'Taxonomy', 'Disease Prevention', 'Laboratory Procedures', 'Farming', 'Production Management'}",3.784189633918261
5,Anthropology,"['Medicine', 'Cultural Anthropology', 'Anthropology', 'Environmental Anthropology', 'Cultural Diversity', 'Archaeology', 'Social Development', 'Social Sciences', 'Learning Styles']",9,['Anthropology'],5,55.55555555555556,"{'Anthropology', 'Social Development', 'Medicine', 'Learning Styles', 'Social Sciences', 'Cultural Diversity', 'Archaeology', 'Environmental Anthropology', 'Cultural Anthropology'}",2.19722457733622
7,Biology,"['Genetics', 'Cytogenetics', 'Contamination', 'Environmental Quality', 'Photosynthesis', 'Physiology', 'Animal Physiology', 'Environment', 'Production', 'Certain', 'Ecological Systems', 'Biology', 'Food', 'Medicine', 'Ecology', 'Nutrition', 'Evolutionary Genetics', 'Viruses', 'Microbiology', 'Population Genetics', 'Anatomy', 'Morphology', 'Algae']",23,"['Genetics', 'Contamination', 'Physiology', 'Certain', 'Biology', 'Ecology', 'Viruses', 'Anatomy', 'Morphology']",11,47.82608695652174,"{'Algae', 'Production', 'Photosynthesis', 'Nutrition', 'Environmental Quality', 'Food', 'Genetics', 'Animal Physiology', 'Physiology', 'Medicine', 'Microbiology', 'Ecology', 'Morphology', 'Cytogenetics', 'Population Genetics', 'Certain', 'Contamination', 'Biology', 'Environment', 'Ecological Systems', 'Evolutionary Genetics', 'Anatomy', 'Viruses'}",3.1354942159291497
9,Ceramics Engineering,"['Microscopy', 'Median', 'Sintering', 'Working Drawings', 'Composites', 'Fluid Statics', 'Calorimetry', 'Elastic', 'Transport Phenomena', 'Nucleation', 'Image Analysis', 'Manufacturing', 'Engineering Practices', 'Statistics', 'Ceramic Materials', 'Spectroscopic Methods', 'Research And Development', 'Application', 'Kilns', 'Alternating Current', 'Unit Processes', 'Machinery', 'Environment', 'Regression Analysis', 'Production', 'Engineering Research', 'Waste Management', 'Materials Studio', 'Service', 'ANOVA', 'Commercial Software', 'Tool', 'Deformation', 'Phase Diagram', 'Ceramics', 'Framework', 'Legislation', 'Assembly', 'Electron Microscopy', 'Engineering', 'Descriptive Geometry', 'Refractory', 'Training', 'Kinematics', 'Heat Transfer', 'Rigid Bodies', 'Probability', 'Geometry', 'Inertia', 'Microstructure', 'Optics', 'Calculations', 'Precipitation', 'Investment Decisions', 'Fluid', 'Sustainable Development', 'Stoichiometry', 'Scale', 'On-The-Job Training', 'Advanced Mathematics', 'Equations', 'Energy', 'Dimensioning', 'Sampling', 'Differential Equations', 'Cost Estimation', 'Material', 'Economy', 'Shear', 'Chemistry', 'Statistical Software', 'Statistical software', 'Ceramic Engineering', 'Plant Design', 'Marketing', 'Construction', 'Waves', 'Waste Treatment', 'Time Value Of Money', 'Electrical Wiring', 'Crystallography', 'Electricity', 'Acceptance Sampling']",83,"['Microscopy', 'Median', 'Composites', 'Calorimetry', 'Statistics', 'Machinery', 'Deformation', 'Ceramics', 'Legislation', 'Kinematics', 'Probability', 'Geometry', 'Inertia', 'Optics', 'Calculations', 'Precipitation', 'Equations', 'Dimensioning', 'Economy', 'Chemistry', 'Marketing', 'Construction', 'Crystallography', 'Electricity']",41,49.39759036144578,"{'Material', 'Ceramic Materials', 'Training', 'Inertia', 'Stoichiometry', 'Statistics', 'Equations', 'Transport Phenomena', 'Kilns', 'Calculations', 'Engineering Research', 'Microscopy', 'Commercial Software', 'Sampling', 'Engineering Practices', 'Chemistry', 'Legislation', 'Unit Processes', 'Differential Equations', 'Calorimetry', 'Scale', 'Framework', 'Electricity', 'Materials Studio', 'Geometry', 'Waste Treatment', 'Shear', 'Alternating Current', 'On-The-Job Training', 'Heat Transfer', 'Economy', 'Environment', 'Manufacturing', 'Waves', 'Construction', 'Fluid Statics', 'Rigid Bodies', 'Production', 'Energy', 'Spectroscopic Methods', 'Composites', 'Probability', 'ANOVA', 'Precipitation', 'Fluid', 'Acceptance Sampling', 'Application', 'Time Value Of Money', 'Advanced Mathematics', 'Working Drawings', 'Dimensioning', 'Deformation', 'Kinematics', 'Machinery', 'Microstructure', 'Median', 'Ceramic Engineering', 'Nucleation', 'Cost Estimation', 'Regression Analysis', 'Ceramics', 'Assembly', 'Electrical Wiring', 'Refractory', 'Statistical software', 'Elastic', 'Sustainable Development', 'Descriptive Geometry', 'Optics', 'Phase Diagram', 'Sintering', 'Image Analysis', 'Electron Microscopy', 'Marketing', 'Waste Management', 'Investment Decisions', 'Research And Development', 'Crystallography', 'Tool', 'Statistical Software', 'Service', 'Plant Design', 'Engineering'}",4.418840607796598
10,Chemical Engineering,"['Engineering Design', 'Sedimentation', 'Fluid Mechanics', 'Qualitative Analysis', 'Electrochemistry', 'Energy Conversion', 'Environmental Impact Assessments', 'Product Development', 'Industrial Wastewater', 'Economic Analysis', 'Calorimetry', 'Process Simulation', 'Management Systems', 'Transport Phenomena', 'Organic Synthesis', 'Column Chromatography', 'Fluidization', 'Biochemical Engineering', 'Engineering Practices', 'Statistics', 'Physics', 'Application', 'Laboratory Techniques', 'Unit Processes', 'Simulations', 'Environment', 'Organic Compounds', 'Chemical Process', 'Composite Materials', 'Thermodynamics', 'Process Analysis', 'Organic Chemistry', 'Distillation', 'Service', 'Tool', 'Colloidal Chemistry', 'Environmental Management Systems', 'Random Variables', 'Pollution Prevention', 'Science', 'Biochemistry', 'Piping', 'Ceramics', 'Mass Transfer', 'Engineering', 'CAD', 'Chemical Reaction Engineering', 'Electrolytes', 'Computer Programming', 'Physical Chemistry', 'Training', 'Enzymes', 'Kinematics', 'Colorimetry', 'Biological Materials', 'Electronic Engineering', 'Air Pollution Control', 'Heat Transfer', 'Thermochemistry', 'Filtration', 'Probability', 'Gas', 'Chemical Kinetics', 'Polarimetry', 'Chemical Equilibrium', 'Inertia', 'Optics', 'Calculations', 'Mechanics', 'Electronics', 'Investments', 'Wastewater', 'Investment Decisions', 'Fluid', 'On-The-Job Training', 'Oil', 'Spectrophotometry', 'Advanced Mathematics', 'Equations', 'Energy', 'Differential Equations', 'Material', 'Derivatives', 'Chromatography', 'SOAP', 'Centrifugation', 'Chemistry', 'Statistical Software', 'Statistical software', 'Batch Reactor', 'Plant Design', 'Statistical Analysis', 'Waves', 'Chemical Engineering', 'ImPACT', 'Linear Equations', 'Refrigeration', 'Electricity', 'Experimental Design']",99,"['Sedimentation', 'Electrochemistry', 'Calorimetry', 'Statistics', 'Physics', 'Simulations', 'Thermodynamics', 'Distillation', 'Biochemistry', 'Ceramics', 'Kinematics', 'Thermochemistry', 'Filtration', 'Probability', 'Inertia', 'Optics', 'Calculations', 'Mechanics', 'Electronics', 'Investments', 'Wastewater', 'Spectrophotometry', 'Equations', 'Derivatives', 'Chromatography', 'Chemistry', 'Refrigeration', 'Electricity']",52,52.52525252525253,"{'Material', 'Simulations', 'Oil', 'Training', 'Inertia', 'Wastewater', 'Statistics', 'Enzymes', 'Biological Materials', 'Physics', 'Equations', 'Transport Phenomena', 'Colorimetry', 'Calculations', 'Biochemistry', 'Electrochemistry', 'Mass Transfer', 'Energy Conversion', 'Engineering Practices', 'Derivatives', 'Centrifugation', 'CAD', 'Chemistry', 'Unit Processes', 'Differential Equations', 'Qualitative Analysis', 'Calorimetry', 'Thermochemistry', 'SOAP', 'Batch Reactor', 'Electricity', 'Random Variables', 'Colloidal Chemistry', 'Pollution Prevention', 'Environmental Impact Assessments', 'Science', 'On-The-Job Training', 'Polarimetry', 'Thermodynamics', 'Electronic Engineering', 'Heat Transfer', 'Environment', 'Waves', 'Process Simulation', 'Chemical Reaction Engineering', 'Management Systems', 'Organic Chemistry', 'Engineering Design', 'Physical Chemistry', 'Statistical Analysis', 'Experimental Design', 'Industrial Wastewater', 'Laboratory Techniques', 'Investments', 'Energy', 'Mechanics', 'ImPACT', 'Organic Compounds', 'Column Chromatography', 'Environmental Management Systems', 'Probability', 'Sedimentation', 'Composite Materials', 'Electrolytes', 'Product Development', 'Air Pollution Control', 'Distillation', 'Fluid', 'Chromatography', 'Fluid Mechanics', 'Spectrophotometry', 'Organic Synthesis', 'Linear Equations', 'Biochemical Engineering', 'Application', 'Filtration', 'Advanced Mathematics', 'Process Analysis', 'Kinematics', 'Gas', 'Refrigeration', 'Ceramics', 'Chemical Equilibrium', 'Statistical software', 'Economic Analysis', 'Fluidization', 'Computer Programming', 'Chemical Kinetics', 'Optics', 'Electronics', 'Chemical Engineering', 'Piping', 'Investment Decisions', 'Tool', 'Statistical Software', 'Chemical Process', 'Service', 'Plant Design', 'Engineering'}",4.59511985013459
11,Chemistry,"['Reactivity', 'Nanomaterials', 'Spectrophotometry', 'Spectroscopy', 'Laboratory Procedures', 'Quantum Mechanics', 'Waste Minimization', 'Electrochemistry', 'Sampling', 'Laboratory Reports', 'Metabolic Pathways', 'Physical Chemistry', 'Stereochemistry', 'Certain', 'Thermodynamics', 'Inorganic Chemistry', 'Chemistry', 'Catalysis', 'Chemical Thermodynamics', 'Analytical Chemistry', 'Thermochemistry', 'Organic Chemistry', 'Instrumentation', 'Chemical Kinetics', 'Solubility', 'Chemical Equilibrium', 'Statistics', 'Metabolism', 'Mechanics', 'Sample Preparation', 'Calibration', 'Reduction', 'Application', 'Biochemistry']",34,"['Reactivity', 'Spectrophotometry', 'Spectroscopy', 'Electrochemistry', 'Certain', 'Thermodynamics', 'Chemistry', 'Thermochemistry', 'Instrumentation', 'Statistics', 'Metabolism', 'Mechanics', 'Calibration', 'Biochemistry']",17,50.0,"{'Reactivity', 'Thermochemistry', 'Mechanics', 'Reduction', 'Statistics', 'Chemical Equilibrium', 'Inorganic Chemistry', 'Quantum Mechanics', 'Chemical Kinetics', 'Instrumentation', 'Nanomaterials', 'Laboratory Reports', 'Chemical Thermodynamics', 'Spectrophotometry', 'Biochemistry', 'Solubility', 'Analytical Chemistry', 'Metabolism', 'Catalysis', 'Certain', 'Application', 'Thermodynamics', 'Spectroscopy', 'Electrochemistry', 'Stereochemistry', 'Sampling', 'Waste Minimization', 'Sample Preparation', 'Organic Chemistry', 'Laboratory Procedures', 'Physical Chemistry', 'Metabolic Pathways', 'Chemistry', 'Calibration'}",3.5263605246161616
12,Civil Engineering,"['Foundation Design', 'Highway Design', 'Zoning', 'Sedimentation', 'Surveying Instruments', 'Surveying', 'Object Oriented Modeling And Design', 'Of Water', 'Accounting Systems', 'Mitigation', 'HVAC', 'Slope Stability', 'MATLAB', 'Calorimetry', 'Elastic', 'Hazard Analysis', 'Transportation', 'Quality Management', 'Commissioning', 'Groundwater', 'Warehousing', 'Highway Maintenance', 'Fire Protection Systems', 'Soil Compaction', 'Data Warehousing', 'Trilateration', 'Triangulation', 'Coastal Engineering', 'Tailings', 'Site Planning', 'Engineering Practices', 'Fire Protection', 'Statistics', 'Concrete', 'Enclosure', 'Physics', 'Sediment Transport', 'Application', 'Demolition', 'Engineering Geology', 'Rehabilitation', 'Traffic Engineering', 'Contamination', 'Shear Strength', 'Data Mining', 'Water Supply', 'Wave Propagation', 'Environment', 'Production', 'Transportation Planning', 'Reinforced Concrete', 'System Implementation', 'Drainage', 'Cantilever', 'Vehicle', 'Structural Analysis', 'Building Design', 'Control Systems', 'Service', 'Numerical Analysis', 'Site Assessment', 'Architectural Design', 'Geometric Design', 'Air Transportation', 'Engineering Management', 'Tool', 'Mineralogy', 'Science', 'Random Variables', 'Framework', 'Water Quality', 'Shallow Foundation', 'Excavation', 'Engineering', 'CAD', 'Cost Engineering', 'Urban Transportation', 'Kinematics', 'Air Traffic Control', 'Reinforcement', 'Missing Data', 'Public Works', 'Experimental Design', 'Heat Transfer', 'Telecommunication', 'Infiltration', 'Geology', 'Rigid Bodies', 'Probability', 'Data Presentation', 'Plumbing', 'Consolidation', 'Surface Runoff', 'Acoustics', 'Optics', 'Calculations', 'Mechanics', 'Irrigation', 'Precipitation', 'Earthworks', 'Drainage Systems', 'Analytical Techniques', 'Investment Decisions', 'Mechanical Systems', 'Information Systems', 'Fluid', 'Balancing', 'Topographic Surveying', 'Hydraulics', 'Advanced Mathematics', 'Civil Engineering', 'Equations', 'Bridge Construction', 'Energy', 'Accounting', 'Structural Engineering', 'Restoration', 'Sampling', 'Cost Control', 'Sediment', 'Rainwater Harvesting', 'Differential Equations', 'Plumbing Systems', 'Material', 'Groundwater Flow', 'Traffic Flow', 'Purchasing', 'Economy', 'Fire Safety', 'Shear', 'Chemistry', 'Frequency Analysis', 'Water Distribution', 'Statistical software', 'Statistical Software', 'Electrical Systems', 'Earthquake Engineering', 'Statistical Analysis', 'Occupational Safety And Health', 'Construction', 'Marketing', 'Occupational Safety', 'Waves', 'Laboratory Testing', 'Procurement', 'Subsystems', 'Materials Testing', 'Traffic Control', 'Time Value Of Money', 'ImPACT', 'Dewatering', 'Deep Foundation', 'Project Implementation', 'Airport Security', 'Road Construction', 'Systems Modeling', 'Art', 'Technical Documentation', 'Project Planning', 'Engineering Drawings', 'International Standards', 'Electricity', 'Social Sciences', 'Recycling', 'Risk Management']",165,"['Sedimentation', 'Mitigation', 'HVAC', 'MATLAB', 'Calorimetry', 'Commissioning', 'Groundwater', 'Warehousing', 'Trilateration', 'Triangulation', 'Statistics', 'Physics', 'Demolition', 'Rehabilitation', 'Contamination', 'Mineralogy', 'Excavation', 'Kinematics', 'Reinforcement', 'Geology', 'Probability', 'Plumbing', 'Consolidation', 'Acoustics', 'Optics', 'Calculations', 'Mechanics', 'Precipitation', 'Earthworks', 'Hydraulics', 'Equations', 'Accounting', 'Restoration', 'Sediment', 'Purchasing', 'Economy', 'Chemistry', 'Construction', 'Marketing', 'Procurement', 'Subsystems', 'Dewatering', 'Electricity', 'Recycling']",109,66.06060606060606,"{'Material', 'Recycling', 'Project Implementation', 'Civil Engineering', 'Mitigation', 'Shallow Foundation', 'Statistics', 'Physics', 'Equations', 'Cantilever', 'Water Distribution', 'Airport Security', 'Analytical Techniques', 'Calculations', 'Earthquake Engineering', 'Deep Foundation', 'Sediment Transport', 'Data Warehousing', 'MATLAB', 'Occupational Safety', 'Risk Management', 'Fire Protection', 'Enclosure', 'Site Planning', 'Sampling', 'Fire Protection Systems', 'Systems Modeling', 'Traffic Control', 'Engineering Practices', 'Air Transportation', 'System Implementation', 'Warehousing', 'Surveying', 'CAD', 'Accounting', 'Reinforcement', 'Zoning', 'Chemistry', 'Electrical Systems', 'Demolition', 'Excavation', 'Bridge Construction', 'Differential Equations', 'Fire Safety', 'Calorimetry', 'Social Sciences', 'Framework', 'Surface Runoff', 'Geology', 'HVAC', 'Electricity', 'Data Presentation', 'Trilateration', 'Tailings', 'Random Variables', 'Engineering Management', 'Balancing', 'Shear', 'Mechanical Systems', 'Science', 'Rainwater Harvesting', 'Urban Transportation', 'Traffic Flow', 'Cost Control', 'Contamination', 'Heat Transfer', 'Economy', 'Environment', 'Road Construction', 'Waves', 'Structural Analysis', 'Engineering Geology', 'Technical Documentation', 'Irrigation', 'Geometric Design', 'Hydraulics', 'Quality Management', 'Infiltration', 'Public Works', 'Construction', 'Experimental Design', 'Statistical Analysis', 'Rigid Bodies', 'Drainage Systems', 'Production', 'Dewatering', 'Materials Testing', 'Triangulation', 'Commissioning', 'Energy', 'Mechanics', 'ImPACT', 'Mineralogy', 'Cost Engineering', 'Acoustics', 'Transportation Planning', 'Topographic Surveying', 'Plumbing Systems', 'Probability', 'Sedimentation', 'Highway Design', 'Information Systems', 'Coastal Engineering', 'Groundwater', 'Reinforced Concrete', 'Precipitation', 'Wave Propagation', 'Slope Stability', 'Foundation Design', 'Fluid', 'Data Mining', 'Plumbing', 'Control Systems', 'Procurement', 'Highway Maintenance', 'Consolidation', 'Application', 'Telecommunication', 'Time Value Of Money', 'Advanced Mathematics', 'Art', 'Accounting Systems', 'Kinematics', 'Traffic Engineering', 'Restoration', 'Concrete', 'Rehabilitation', 'Vehicle', 'Subsystems', 'Project Planning', 'Drainage', 'Statistical software', 'Frequency Analysis', 'Elastic', 'Purchasing', 'International Standards', 'Groundwater Flow', 'Engineering Drawings', 'Numerical Analysis', 'Air Traffic Control', 'Optics', 'Occupational Safety And Health', 'Sediment', 'Water Quality', 'Structural Engineering', 'Transportation', 'Surveying Instruments', 'Missing Data', 'Hazard Analysis', 'Marketing', 'Architectural Design', 'Of Water', 'Laboratory Testing', 'Water Supply', 'Object Oriented Modeling And Design', 'Investment Decisions', 'Site Assessment', 'Building Design', 'Earthworks', 'Tool', 'Shear Strength', 'Statistical Software', 'Service', 'Soil Compaction', 'Engineering'}",5.105945473900581
13,Computer Engineering,"['Experimentation', 'Engineering Design', 'Actuators', 'TCP/IP', 'Data Structures', 'Design Methods', 'Calorimetry', 'Occupational Health', 'Design Specifications', 'Information Processing', 'Server', 'Oscilloscope', 'Computer Architecture', 'Electronic Circuits', 'Electrical Power', 'Storage Management', 'Engineering Practices', 'Architecture', 'Statistics', 'Process Management', 'Programming languages', 'Software Design', 'Physics', 'Digital Signals', 'Hardware Description Language', 'Application', 'Software Engineering', 'Algorithms', 'Finite State Machine', 'Data Mining', 'System Design', 'Environment', 'Transient Response', 'Data Security', 'Networking', 'Flowcharts', 'Abstractions', 'HDL', 'Computer Engineering', 'System Properties', 'Laboratory Equipment', 'Operating System', 'Control Structures', 'Numerical Analysis', 'Hardware Architecture', 'Transistor', 'TCP', 'Tool', 'Encapsulation', 'Embedded Systems', 'Random Variables', 'Block Diagram', 'Voltage', 'Assembly', 'Engineering', 'CAD', 'Debugging', 'Computer Programming', 'Kinematics', 'Printed Circuit Board', 'Library', 'Experimental Design', 'Heat Transfer', 'Computer Networking', 'Probability', 'Microprocessor', 'Software Quality', 'Modeling Languages', 'Optics', 'Calculations', 'Electronics', 'Investment Decisions', 'Electrical Circuit Analysis', 'Digital', 'Scale', 'Object-Oriented Design', 'Advanced Mathematics', 'Equations', 'Energy', 'Sampling', 'Arithmetic', 'Differential Equations', 'Network Architecture', 'Assembly Language', 'Filter Design', 'Chemistry', 'Quantitative Research', 'Computer System', 'Statistical software', 'Statistical Software', 'Etching', 'File Management', 'Occupational Safety And Health', 'Construction', 'Statistical Analysis', 'Occupational Safety', 'Waves', 'Engineering Design Process', 'Linear Equations', 'Network Security', 'Electricity', 'Graph Theory']",102,"['Experimentation', 'Actuators', 'TCP/IP', 'Calorimetry', 'Oscilloscope', 'Statistics', 'Physics', 'Algorithms', 'Flowcharts', 'Abstractions', 'Transistor', 'Voltage', 'Debugging', 'Kinematics', 'Probability', 'Microprocessor', 'Optics', 'Calculations', 'Electronics', 'Equations', 'Arithmetic', 'Chemistry', 'Construction', 'Electricity']",64,62.74509803921568,"{'Electrical Power', 'Programming languages', 'Digital Signals', 'Object-Oriented Design', 'Data Structures', 'Statistics', 'Quantitative Research', 'Physics', 'Equations', 'Calculations', 'Flowcharts', 'Experimentation', 'Encapsulation', 'Information Processing', 'Occupational Safety', 'Transient Response', 'Architecture', 'Sampling', 'Assembly Language', 'Engineering Practices', 'CAD', 'Chemistry', 'Block Diagram', 'Differential Equations', 'Calorimetry', 'Scale', 'Computer System', 'Hardware Description Language', 'File Management', 'Electricity', 'Random Variables', 'Graph Theory', 'Microprocessor', 'Etching', 'Design Specifications', 'Software Quality', 'Computer Engineering', 'Abstractions', 'Heat Transfer', 'Environment', 'Waves', 'Software Design', 'Engineering Design', 'Construction', 'Computer Architecture', 'TCP/IP', 'Experimental Design', 'Statistical Analysis', 'Hardware Architecture', 'Server', 'Voltage', 'Networking', 'Energy', 'Electrical Circuit Analysis', 'Operating System', 'Library', 'Laboratory Equipment', 'Data Security', 'Probability', 'Debugging', 'Arithmetic', 'Oscilloscope', 'Software Engineering', 'Data Mining', 'Network Architecture', 'Linear Equations', 'Application', 'Modeling Languages', 'Advanced Mathematics', 'Process Management', 'Algorithms', 'Actuators', 'Kinematics', 'Occupational Health', 'Transistor', 'Filter Design', 'Assembly', 'Printed Circuit Board', 'Digital', 'Statistical software', 'Design Methods', 'System Properties', 'HDL', 'Computer Programming', 'TCP', 'Storage Management', 'Numerical Analysis', 'Optics', 'Embedded Systems', 'Computer Networking', 'Occupational Safety And Health', 'System Design', 'Electronics', 'Network Security', 'Investment Decisions', 'Tool', 'Control Structures', 'Statistical Software', 'Electronic Circuits', 'Engineering Design Process', 'Finite State Machine', 'Engineering'}",4.624972813284271
14,Computer Science,"['Algorithms', 'Language Translation', 'Information Systems', 'Graph Algorithms', 'Software Engineering', 'Garbage Collection', 'Licensing', 'Education', 'Equations', 'Assembly', 'Engineering', 'Debugging', 'Arithmetic', 'Software Library', 'Environment', 'Test Case', 'Computer Programming', 'Data Structures', 'Modula', 'Assembly Language', 'Certain', 'Dynamic Programming', 'Abstractions', 'Language Implementation', 'Library', 'Software Development', 'Server', 'Operating System', 'Arithmetic Logic Unit', 'File Management', 'Backtracking', 'Idioms', 'Emerging Technologies', 'Unit Testing', 'Storage Management', 'Revisions', 'Architecture', 'Computing', 'Algorithm Design', 'Protocol', 'Benefits', 'Process Management', 'State Machines', 'Encapsulation', 'Readability', 'Science', 'Application', 'Scalability', 'Memory Leaks', 'Big O Notation', 'Maintainability']",51,"['Algorithms', 'Licensing', 'Equations', 'Debugging', 'Arithmetic', 'Certain', 'Abstractions', 'Idioms', 'Revisions', 'Readability', 'Scalability', 'Maintainability']",33,64.70588235294117,"{'Idioms', 'Backtracking', 'Server', 'Software Library', 'Computing', 'Assembly', 'Data Structures', 'Graph Algorithms', 'Operating System', 'Library', 'Licensing', 'Software Development', 'File Management', 'Benefits', 'Readability', 'Language Implementation', 'Equations', 'Debugging', 'Information Systems', 'Language Translation', 'Arithmetic', 'Computer Programming', 'Software Engineering', 'Dynamic Programming', 'Storage Management', 'Memory Leaks', 'State Machines', 'Modula', 'Revisions', 'Encapsulation', 'Science', 'Emerging Technologies', 'Protocol', 'Big O Notation', 'Architecture', 'Abstractions', 'Certain', 'Application', 'Test Case', 'Algorithm Design', 'Unit Testing', 'Environment', 'Arithmetic Logic Unit', 'Assembly Language', 'Process Management', 'Scalability', 'Garbage Collection', 'Algorithms', 'Education', 'Engineering', 'Maintainability'}",3.9318256327243257
17,Electrical Engineering,"['DC Motors', 'Actuators', 'Electrical Engineering', 'R', 'Calorimetry', 'Stepper Motor', 'Circuit Breakers', 'Partial Differential Equation', 'Instrumentation', 'Conservation', 'Symmetrical Components', 'Electronic Circuits', 'Data Acquisition', 'Number Systems', 'Lighting Systems', 'Engineering Practices', 'Statistics', 'Algebra', 'Stepper', 'Physics', 'Application', 'Transformers', 'Transmission', 'Industrial Processes', 'Economics', 'Compensation', 'Flux', 'Fourier Transform', 'Machinery', 'Environment', 'Production', 'Thermodynamics', 'Control Systems', 'Engineering Research', 'Waste Management', 'C', 'Capacitors', 'Inductors', 'Integrated Circuits', 'Service', 'Numerical Analysis', 'Architectural Design', 'Frequency Response', 'Transistor', 'Voltage Regulation', 'Calibration', 'Random Variables', 'Installation', 'Framework', 'Voltage', 'Education', 'Legislation', 'Engineering', 'CAD', 'Kinematics', 'Voltage Regulator', 'Electronic Engineering', 'Coordinate Systems', 'Heat Transfer', 'Probability', 'Gas', 'Inertia', 'Three-Phase', 'Optics', 'Calculations', 'Mechanics', 'Electronics', 'Investment Decisions', 'Digital', 'Fluid', 'Sustainable Development', 'Fuses', 'Advanced Mathematics', 'Equations', 'Energy', 'Relay Logic', 'Laplace Transform', 'Differential Equations', 'Cost Estimation', 'Chemistry', 'Modulation', 'PID Controllers', 'Statistical Software', 'Statistical software', 'Statistical Analysis', 'Occupational Safety And Health', 'Occupational Safety', 'Waves', 'Research Design', 'Waste Treatment', 'Electrical Wiring', 'Frequency Domain', 'Linear Equations', 'State Machines', 'Electricity', 'International Standards', 'Experimental Design']",97,"['Actuators', 'R', 'Calorimetry', 'Instrumentation', 'Conservation', 'Statistics', 'Algebra', 'Physics', 'Transmission', 'Machinery', 'Thermodynamics', 'C', 'Capacitors', 'Transistor', 'Calibration', 'Installation', 'Voltage', 'Legislation', 'Kinematics', 'Probability', 'Inertia', 'Optics', 'Calculations', 'Mechanics', 'Electronics', 'Fuses', 'Equations', 'Chemistry', 'Modulation', 'Electricity']",60,61.855670103092784,"{'Partial Differential Equation', 'Inertia', 'Statistics', 'Physics', 'Equations', 'Stepper', 'Calculations', 'Inductors', 'State Machines', 'DC Motors', 'Occupational Safety', 'Engineering Research', 'Lighting Systems', 'Laplace Transform', 'Electrical Engineering', 'Installation', 'Engineering Practices', 'Industrial Processes', 'CAD', 'Instrumentation', 'Chemistry', 'Legislation', 'Differential Equations', 'Calorimetry', 'Framework', 'Electricity', 'Economics', 'Coordinate Systems', 'Random Variables', 'Waste Treatment', 'Thermodynamics', 'Electronic Engineering', 'Heat Transfer', 'Symmetrical Components', 'Environment', 'Waves', 'Capacitors', 'Algebra', 'Education', 'Statistical Analysis', 'Experimental Design', 'Voltage', 'Production', 'Energy', 'Mechanics', 'Transmission', 'Circuit Breakers', 'Probability', 'Transformers', 'Fluid', 'Control Systems', 'Linear Equations', 'Application', 'R', 'Advanced Mathematics', 'Conservation', 'Voltage Regulator', 'Integrated Circuits', 'Actuators', 'Kinematics', 'Gas', 'Machinery', 'Transistor', 'Calibration', 'Stepper Motor', 'Frequency Domain', 'Number Systems', 'Cost Estimation', 'Digital', 'Electrical Wiring', 'Data Acquisition', 'Statistical software', 'Research Design', 'Fourier Transform', 'Three-Phase', 'Modulation', 'International Standards', 'Sustainable Development', 'Numerical Analysis', 'Voltage Regulation', 'Optics', 'Compensation', 'Occupational Safety And Health', 'C', 'PID Controllers', 'Frequency Response', 'Electronics', 'Waste Management', 'Architectural Design', 'Investment Decisions', 'Relay Logic', 'Statistical Software', 'Fuses', 'Electronic Circuits', 'Flux', 'Service', 'Engineering'}",4.574710978503383
18,Electronics Engineering,"['Bit Error Rate', 'STL', 'Actuators', 'Quantum Mechanics', 'Surveying', 'TCP/IP', 'Energy Conversion', 'Systems Architecture', 'Coding Theory', 'Economic Analysis', 'Calorimetry', 'Customer Relationship Management (CRM)', 'Gamma Camera', 'Antenna', 'Medical', 'Biomass', 'Enterprise Resource Planning', 'Memory Hierarchy', 'Ionizing Radiation', 'Server', 'Instrumentation', 'Fabrication', 'Conservation', 'Data Acquisition', 'Number Systems', 'Computers', 'Spread Spectrum', 'Energy Conservation', 'Engineering Practices', 'Architecture', 'Statistics', 'Algebra', 'Stage', 'Physics', 'Anatomy', 'Application', 'Information Theory', 'Transformers', 'Impact Assessment', 'Software Engineering', 'Outside Plant', 'Medical Terminology', 'Transmission', 'Industrial Processes', 'Candidate Relationship Management (CRM)', 'Flux', 'Compression', 'Wave Propagation', 'Fourier Transform', 'System Design', 'Environment', 'Memory Management', 'Production', 'Composite Materials', 'Thermodynamics', 'Networking', 'CCTV', 'Adaptive Control', 'Vector Calculus', 'ERP', 'Control Systems', 'Circuit Theory', 'Quantization', 'Service', 'Modems', 'Hardware Architecture', 'Renewable Energy', 'Biomedical Engineering', 'Pathology', 'Optimal Control', 'Transistor', 'TCP', 'Image Processing', 'Encapsulation', 'Signal Processing', 'Patents', 'Imaging', 'Science', 'Random Variables', 'High Frequency', 'Data Compression', 'Ceramics', 'Framework', 'Block Diagram', 'Calculus', 'Engineering', 'CAD', 'Debugging', 'Map', 'Kinematics', 'Electronic Engineering', 'Heat Transfer', 'Telecommunication', 'Image Restoration', 'Spectral Analysis', 'Wind Power', 'Probability', 'Insurance', 'Firewall', 'Microprocessor', 'Pipelining', 'Three-Phase', 'Memory Systems', 'Optics', 'Calculations', 'Mechanics', 'Acoustics', 'QAM', 'Environmental Science', 'Multiplexing', 'Electronics', 'Outside Plant Engineering', 'Investment Decisions', 'Transmission Systems', 'Digital', 'W-CDMA', 'VHDL', 'Advanced Mathematics', 'Linear Systems', 'Biasing', 'Equations', 'Nuclear Energy', 'Torque', 'Energy', 'Resource Allocation', 'Restoration', 'Sampling', 'Laplace Transform', 'Differential Equations', 'Media', 'Magnetic Resonance Imaging', 'Resource Planning', 'Radiation Protection', 'Chemistry', 'Robotics', 'Customer Relationship Management', 'Modulation', 'Frequency Analysis', 'Multiplexers', 'Statistical software', 'Self', 'Tomography', 'Ecology', 'Computer System', 'Statistical Software', 'Statistical Analysis', 'Waves', 'Subsystems', 'ImPACT', 'Electricity', 'Discrete Cosine Transform', 'Experimental Design', 'Systems Integration', 'Digital Systems', 'Data Centers']",155,"['Actuators', 'TCP/IP', 'Calorimetry', 'Antenna', 'Biomass', 'Instrumentation', 'Fabrication', 'Conservation', 'Statistics', 'Algebra', 'Stage', 'Physics', 'Anatomy', 'Transmission', 'Thermodynamics', 'Quantization', 'Modems', 'Pathology', 'Transistor', 'Patents', 'Imaging', 'Ceramics', 'Calculus', 'Debugging', 'Kinematics', 'Probability', 'Firewall', 'Microprocessor', 'Pipelining', 'Optics', 'Calculations', 'Mechanics', 'Acoustics', 'Multiplexing', 'Electronics', 'Equations', 'Restoration', 'Chemistry', 'Robotics', 'Modulation', 'Multiplexers', 'Tomography', 'Ecology', 'Subsystems', 'Electricity']",90,58.06451612903226,"{'Data Compression', 'Robotics', 'Fabrication', 'Linear Systems', 'Statistics', 'Physics', 'Equations', 'Digital Systems', 'Quantum Mechanics', 'Calculations', 'Signal Processing', 'Circuit Theory', 'Encapsulation', 'Modems', 'Map', 'Biasing', 'Image Processing', 'STL', 'Architecture', 'ERP', 'Patents', 'Laplace Transform', 'Firewall', 'W-CDMA', 'Sampling', 'Renewable Energy', 'Energy Conversion', 'Memory Hierarchy', 'Engineering Practices', 'Industrial Processes', 'Impact Assessment', 'Surveying', 'Instrumentation', 'CAD', 'Chemistry', 'Block Diagram', 'Torque', 'Spectral Analysis', 'Differential Equations', 'Calorimetry', 'Medical', 'Computer System', 'Framework', 'Discrete Cosine Transform', 'Customer Relationship Management (CRM)', 'Adaptive Control', 'Electricity', 'Self', 'Image Restoration', 'Random Variables', 'Calculus', 'Microprocessor', 'Ecology', 'Environmental Science', 'High Frequency', 'Wind Power', 'Science', 'Insurance', 'Systems Architecture', 'Medical Terminology', 'Thermodynamics', 'Nuclear Energy', 'Radiation Protection', 'Electronic Engineering', 'Candidate Relationship Management (CRM)', 'Heat Transfer', 'Environment', 'Anatomy', 'Spread Spectrum', 'Outside Plant', 'VHDL', 'Waves', 'Algebra', 'Memory Management', 'Tomography', 'Quantization', 'Systems Integration', 'TCP/IP', 'Statistical Analysis', 'Experimental Design', 'Hardware Architecture', 'Server', 'Data Centers', 'Compression', 'Production', 'Networking', 'Energy', 'Mechanics', 'Transmission', 'ImPACT', 'Resource Planning', 'Acoustics', 'Probability', 'Composite Materials', 'Debugging', 'Enterprise Resource Planning', 'Transformers', 'Pipelining', 'Wave Propagation', 'Software Engineering', 'Antenna', 'Memory Systems', 'Control Systems', 'Gamma Camera', 'Media', 'Application', 'Telecommunication', 'Magnetic Resonance Imaging', 'QAM', 'Resource Allocation', 'Ionizing Radiation', 'Advanced Mathematics', 'Bit Error Rate', 'Conservation', 'Actuators', 'Stage', 'Information Theory', 'Kinematics', 'Transistor', 'Multiplexing', 'Restoration', 'Number Systems', 'Ceramics', 'Customer Relationship Management', 'Digital', 'Data Acquisition', 'Subsystems', 'Statistical software', 'Computers', 'Biomass', 'Fourier Transform', 'Frequency Analysis', 'Three-Phase', 'Modulation', 'Economic Analysis', 'CCTV', 'Optimal Control', 'Outside Plant Engineering', 'TCP', 'Optics', 'Transmission Systems', 'System Design', 'Electronics', 'Multiplexers', 'Biomedical Engineering', 'Pathology', 'Coding Theory', 'Energy Conservation', 'Investment Decisions', 'Imaging', 'Statistical Software', 'Vector Calculus', 'Flux', 'Service', 'Engineering'}",5.043425116919247
19,Environmental Planning,"['Regional Planning', 'Water Resources', 'Environmental Planning', 'Rehabilitation', 'Art', 'Conservation', 'Urban and Regional Planning', 'Science', 'Environment']",9,"['Rehabilitation', 'Conservation']",6,66.66666666666666,"{'Environment', 'Science', 'Regional Planning', 'Rehabilitation', 'Conservation', 'Water Resources', 'Art', 'Environmental Planning', 'Urban and Regional Planning'}",2.19722457733622
20,Environmental Science,"['Genetics', 'Ecology', 'Environmental Science', 'Developmental Biology', 'Environmental Quality', 'Biology', 'Ecological Systems', 'Taxonomy', 'Science', 'Environment']",10,"['Genetics', 'Ecology', 'Biology', 'Taxonomy']",7,70.0,"{'Environmental Quality', 'Ecological Systems', 'Environmental Science', 'Environment', 'Genetics', 'Science', 'Taxonomy', 'Biology', 'Ecology', 'Developmental Biology'}",2.302585092994046
21,Exercise and Sports Science,"['Conceptualization', 'Organizational Structure', 'Business Planning', 'Education', 'Digital Media', 'Energy', 'Accounting', 'Environment', 'Media', 'Training', 'Kinematics', 'Digital', 'Food', 'Cardiovascular Fitness', 'Information Processing', 'Hypertrophy', 'Self', 'Merchandising', 'Marketing', 'Physical Education', 'Service', 'Psychology', 'Corporate Social Responsibility', 'Pathology', 'Training Programs', 'Sports', 'Group Dynamics', 'Art', 'Science', 'Application', 'Health Education', 'Operations Management', 'Framework']",33,"['Conceptualization', 'Accounting', 'Kinematics', 'Merchandising', 'Marketing', 'Psychology', 'Pathology']",19,57.57575757575758,"{'Energy', 'Digital Media', 'Training', 'Conceptualization', 'Digital', 'Sports', 'Health Education', 'Framework', 'Group Dynamics', 'Food', 'Self', 'Operations Management', 'Cardiovascular Fitness', 'Hypertrophy', 'Organizational Structure', 'Information Processing', 'Science', 'Merchandising', 'Media', 'Pathology', 'Psychology', 'Application', 'Marketing', 'Corporate Social Responsibility', 'Environment', 'Business Planning', 'Physical Education', 'Training Programs', 'Art', 'Kinematics', 'Education', 'Service', 'Accounting'}",3.49650756146648
22,Food Technology,"['Engineering', 'Food Preparation', 'Fermentation', 'Risk Analysis', 'Food Processing', 'Chemistry', 'Food', 'Regulatory Developments', 'Food Science', 'Food Technology', 'Nutrition', 'Statistical Analysis', 'Traceability', 'Manufacturing', 'ImPACT', 'Refrigeration', 'Food Law', 'Science', 'Proposal Writing']",19,"['Chemistry', 'Traceability', 'Refrigeration']",11,57.89473684210527,"{'Food Preparation', 'ImPACT', 'Nutrition', 'Food', 'Food Technology', 'Food Law', 'Engineering', 'Science', 'Refrigeration', 'Food Processing', 'Manufacturing', 'Regulatory Developments', 'Traceability', 'Risk Analysis', 'Food Science', 'Fermentation', 'Statistical Analysis', 'Chemistry', 'Proposal Writing'}",2.9444389791664403
23,Geology,"['Microscopy', 'Uranium', 'Hydrocarbon', 'Factor Analysis', 'Banking', 'Sedimentation', 'Seabed', 'Geostatistics', 'Drawing', 'Surveying', 'Linear Discriminant Analysis', 'Electrochemistry', 'Of Water', 'Drilling', 'Visualization', 'Fluid Statics', 'Mitigation', 'Data Structures', 'Structural Geology', 'Slope Stability', 'Economic Analysis', 'Risk Analysis', 'Events', 'Elastic', 'Pipe', 'Crystallization', 'Digital Image', 'Exploitation', 'Soil Mechanics', 'Groundwater', 'Digital Image Processing', 'Environmental Monitoring', 'Instrumentation', 'Economic Development', 'Conservation', 'Biosphere', 'Data Acquisition', 'Trace Element', 'Computers', 'Statistics', 'Agriculture', 'Wildlife Management', 'Stage', 'Organic Geochemistry', 'Physics', 'Historical Geology', 'Sedimentology', 'Application', 'Impact Assessment', 'Physical Oceanography', 'Transmission', 'Rehabilitation', 'Economics', 'Geological Engineering', 'Wave Propagation', 'Technical Writing', 'Environment', 'Geothermal Energy', 'Marine Biology', 'Production', 'Composite Materials', 'Thermodynamics', 'Proportion', 'Drainage', 'Pipe Flow', 'Geochemistry', 'Shale', 'Scheme', 'Stratigraphy', 'Service', 'Marine Science', 'ANOVA', 'Geomorphology', 'Image Processing', 'Sketching', 'Magma', 'Tool', 'Lithology', 'Negative Space', 'Electromagnetism', 'Haulage', 'Science', 'Mineralogy', 'Deformation', 'Random Variables', 'Confidence Intervals', 'Biochemistry', 'Ceramics', 'Framework', 'Water Quality', 'Petrology', 'Geographic information system', 'Engineering', 'Map', 'Prediction', 'Training', 'Geophysics', 'Kinematics', 'Certain', 'Climate Change', 'Phonography', 'Open-Pit Mining', 'Geology', 'Descriptive Statistics', 'Probability', 'Gas', 'Diagenesis', 'J', 'Chemical Kinetics', 'Colloids', 'Chemical Equilibrium', 'Geometry', 'AFM', 'Surface Runoff', 'Landscape', 'Hoisting', 'Mechanics', 'Precipitation', 'Underground Mining', 'Morphology', 'Analytical Techniques', 'Natural Gas', 'Forestry', 'Global Positioning Systems', 'Digital', 'Fluid', 'Remote Sensing', 'Chemical Composition', 'Oceanography', 'Oil', 'Scale', 'Polarization', 'Equations', 'Energy', 'Sampling', 'Biological Systems', 'Hydrocarbon Exploration', 'Radar', 'Biology', 'Economy', 'Entrepreneurship', 'Chemistry', 'Facies', 'X-Ray Crystallography', 'Photogrammetry', 'Urban Planning', 'Tomography', 'Ecology', 'Marketing', 'Construction', 'Waves', 'Procurement', 'Research Design', 'ImPACT', 'Weathering', 'PIT', 'Crystallography', 'Financial Planning', 'Light Microscopes', 'Statistical Inference', 'Seismology', 'Prospecting', 'International Business', 'Macroeconomics', 'Ocean Currents', 'Biometrics', 'Chemical Thermodynamics']",167,"['Microscopy', 'Hydrocarbon', 'Banking', 'Sedimentation', 'Drawing', 'Electrochemistry', 'Drilling', 'Visualization', 'Mitigation', 'Exploitation', 'Groundwater', 'Instrumentation', 'Conservation', 'Statistics', 'Stage', 'Physics', 'Transmission', 'Rehabilitation', 'Thermodynamics', 'Scheme', 'Sketching', 'Electromagnetism', 'Haulage', 'Mineralogy', 'Deformation', 'Biochemistry', 'Ceramics', 'Geophysics', 'Kinematics', 'Certain', 'Geology', 'Probability', 'J', 'Geometry', 'Hoisting', 'Mechanics', 'Precipitation', 'Morphology', 'Forestry', 'Equations', 'Radar', 'Biology', 'Economy', 'Entrepreneurship', 'Chemistry', 'Tomography', 'Ecology', 'Marketing', 'Construction', 'Procurement', 'Crystallography', 'Macroeconomics', 'Biometrics']",81,48.50299401197605,"{'Drawing', 'Oil', 'Mitigation', 'Training', 'Data Structures', 'Prospecting', 'Prediction', 'Statistics', 'Geostatistics', 'Physics', 'Geothermal Energy', 'Equations', 'Proportion', 'Analytical Techniques', 'AFM', 'Geological Engineering', 'Facies', 'Structural Geology', 'Negative Space', 'Chemical Thermodynamics', 'Map', 'Electromagnetism', 'Image Processing', 'Biochemistry', 'Microscopy', 'Sedimentology', 'Electrochemistry', 'Sampling', 'Global Positioning Systems', 'International Business', 'Impact Assessment', 'Surveying', 'Instrumentation', 'Chemistry', 'Climate Change', 'Scale', 'Framework', 'Agriculture', 'Ocean Currents', 'Surface Runoff', 'Open-Pit Mining', 'Geology', 'Geometry', 'Economics', 'Macroeconomics', 'Drilling', 'Trace Element', 'Random Variables', 'Ecology', 'Economic Development', 'Underground Mining', 'Pipe Flow', 'Science', 'Diagenesis', 'Phonography', 'Marine Biology', 'Photogrammetry', 'Thermodynamics', 'Soil Mechanics', 'Economy', 'Environment', 'Sketching', 'Petrology', 'Waves', 'Pipe', 'Oceanography', 'Polarization', 'Forestry', 'Organic Geochemistry', 'Tomography', 'Seismology', 'Construction', 'Fluid Statics', 'Uranium', 'Production', 'Biological Systems', 'Descriptive Statistics', 'Energy', 'Mechanics', 'Transmission', 'ImPACT', 'Mineralogy', 'Wildlife Management', 'Haulage', 'Colloids', 'Probability', 'Sedimentation', 'Composite Materials', 'ANOVA', 'Digital Image Processing', 'Groundwater', 'Historical Geology', 'Factor Analysis', 'Crystallization', 'Precipitation', 'Wave Propagation', 'Slope Stability', 'Statistical Inference', 'Fluid', 'Natural Gas', 'Seabed', 'Procurement', 'Technical Writing', 'Application', 'Biology', 'Financial Planning', 'Radar', 'Lithology', 'Conservation', 'Marine Science', 'Stage', 'Risk Analysis', 'Deformation', 'Digital Image', 'Geomorphology', 'Kinematics', 'Gas', 'Shale', 'Geochemistry', 'Exploitation', 'Hoisting', 'Weathering', 'Rehabilitation', 'Ceramics', 'Chemical Composition', 'Geophysics', 'Digital', 'Banking', 'Data Acquisition', 'Physical Oceanography', 'Drainage', 'Computers', 'Chemical Equilibrium', 'Research Design', 'Light Microscopes', 'Confidence Intervals', 'Elastic', 'Remote Sensing', 'PIT', 'Economic Analysis', 'Entrepreneurship', 'Chemical Kinetics', 'Landscape', 'Biosphere', 'Urban Planning', 'Morphology', 'Hydrocarbon Exploration', 'Water Quality', 'Scheme', 'Biometrics', 'Hydrocarbon', 'Geographic information system', 'Environmental Monitoring', 'Certain', 'X-Ray Crystallography', 'Marketing', 'Linear Discriminant Analysis', 'Of Water', 'Visualization', 'J', 'Crystallography', 'Tool', 'Stratigraphy', 'Events', 'Magma', 'Service', 'Engineering'}",5.117993812416755
25,Industrial Engineering,"['Manufacturing Automation', 'Facilities Planning', 'Management Systems', 'Quality Management', 'Information Processing', 'Feasibility Studies', 'Manufacturing', 'Manufacturing Operations', 'Analysis Of Variance (ANOVA)', 'Application', 'Error Analysis', 'Biomechanics', 'Alternating Current', 'Computer-Aided Manufacturing', 'Workstation Design', 'Environment', 'Flexible Manufacturing Systems', 'Production', 'Thermodynamics', 'Dynamic Programming', 'Engineering Research', 'Waste Management', 'Chemical Reactions', 'Service', 'ANOVA', 'Supply Chain', 'Differential Calculus', 'Random Variables', 'Industrial Engineering', 'Ceramics', 'Framework', 'Quality Management Systems', 'Time Study', 'Analysis Of Variance', 'Legislation', 'Calculus', 'Engineering', 'CAD', 'Work Sampling', 'Training', 'Kinematics', 'Supply Chain Management', 'QMS', 'Thermochemistry', 'Rigid Bodies', 'Probability', 'Gas', 'Network Flow', 'Mechanics', 'Direct Current', 'Revenue Management', 'Investment Decisions', 'Information Systems', 'Sustainable Development', 'On-The-Job Training', 'Automation', 'Usability', 'Equations', 'Energy', 'Accounting', 'Sampling', 'Differential Equations', 'Ergonomics', 'Detection Theory', 'Inventory', 'Material', 'Economy', 'Game Theory', 'Occupational Safety And Health', 'Occupational Safety', 'Marketing', 'Systems Analysis', 'Subsystems', 'Waste Treatment', 'Time Value Of Money', 'Finite Difference', 'Quantitative Modeling']",77,"['Thermodynamics', 'Ceramics', 'Legislation', 'Calculus', 'Kinematics', 'Thermochemistry', 'Probability', 'Mechanics', 'Automation', 'Usability', 'Equations', 'Accounting', 'Ergonomics', 'Economy', 'Marketing', 'Subsystems']",39,50.64935064935064,"{'Material', 'Chemical Reactions', 'Differential Calculus', 'Training', 'Manufacturing Automation', 'Equations', 'Usability', 'Computer-Aided Manufacturing', 'Quality Management Systems', 'Information Processing', 'Occupational Safety', 'Feasibility Studies', 'Engineering Research', 'Industrial Engineering', 'Sampling', 'QMS', 'Revenue Management', 'Ergonomics', 'CAD', 'Accounting', 'Legislation', 'Quantitative Modeling', 'Direct Current', 'Differential Equations', 'Thermochemistry', 'Framework', 'Biomechanics', 'Manufacturing Operations', 'Random Variables', 'Calculus', 'Waste Treatment', 'Finite Difference', 'Alternating Current', 'On-The-Job Training', 'Thermodynamics', 'Economy', 'Environment', 'Manufacturing', 'Management Systems', 'Quality Management', 'Facilities Planning', 'Rigid Bodies', 'Production', 'Energy', 'Mechanics', 'Error Analysis', 'Analysis Of Variance', 'Probability', 'ANOVA', 'Supply Chain', 'Information Systems', 'Inventory', 'Automation', 'Application', 'Time Value Of Money', 'Analysis Of Variance (ANOVA)', 'Kinematics', 'Gas', 'Flexible Manufacturing Systems', 'Ceramics', 'Subsystems', 'Game Theory', 'Sustainable Development', 'Dynamic Programming', 'Systems Analysis', 'Occupational Safety And Health', 'Work Sampling', 'Detection Theory', 'Network Flow', 'Marketing', 'Waste Management', 'Time Study', 'Workstation Design', 'Investment Decisions', 'Supply Chain Management', 'Service', 'Engineering'}",4.343805421853684
26,Industry Security Management,"['Application', 'Risk Management']",2,[],1,50.0,"{'Risk Management', 'Application'}",0.6931471805599453
27,Information Systems,"['Algorithms', 'Information Systems', 'Recursion', 'Licensing', 'Organizational Structure', 'Technology Solutions', 'Business Performance Management', 'Systems Thinking', 'Software Library', 'Environment', 'Data Structures', 'Abstractions', 'Information Architecture', 'Library', 'Quality Management', 'Software Development', 'Idioms', 'Parameter', 'Systems Analysis', 'Emerging Technologies', 'Unit Testing', 'Architecture', 'Computing', 'IT Infrastructure', 'Scalability']",25,"['Algorithms', 'Recursion', 'Licensing', 'Abstractions', 'Idioms', 'Parameter', 'Scalability']",21,84.0,"{'Idioms', 'Software Library', 'Computing', 'Technology Solutions', 'Business Performance Management', 'Data Structures', 'Library', 'Licensing', 'Software Development', 'Information Systems', 'IT Infrastructure', 'Systems Thinking', 'Parameter', 'Systems Analysis', 'Organizational Structure', 'Emerging Technologies', 'Architecture', 'Abstractions', 'Recursion', 'Unit Testing', 'Environment', 'Scalability', 'Algorithms', 'Information Architecture', 'Quality Management'}",3.218875824868201
28,Information Technology,"['Algorithms', 'Information Systems', 'Digital Libraries', 'Software Engineering', 'Balancing', 'Recursion', 'Web Applications', 'Licensing', 'Education', 'Usability', 'XHTML', 'Assembly', 'Engineering', 'Trunking', 'Debugging', 'Scripting', 'Software Library', 'Load Balancing', 'Environment', 'Data Structures', 'Media', 'XML', 'Events', 'System Requirements', 'Abstractions', 'Library', 'Digital', 'Middleware', 'Software Development', 'Server', 'HTML', 'Warehousing', 'Operating System', 'Server-Side', 'XSLT', 'Data Warehousing', 'Parameter', 'Service', 'Idioms', 'Emerging Technologies', 'Unit Testing', 'ImPACT', 'XSL', 'Computing', 'Enterprise Integration', 'Scripting Language', 'Encapsulation', 'Application', 'Scalability', 'Framework']",50,"['Algorithms', 'Recursion', 'Licensing', 'Usability', 'Trunking', 'Debugging', 'Scripting', 'XML', 'Abstractions', 'Middleware', 'Warehousing', 'Server-Side', 'Parameter', 'Idioms', 'Scalability']",28,56.00000000000001,"{'Idioms', 'Server', 'Enterprise Integration', 'Software Library', 'Computing', 'Assembly', 'Data Structures', 'Middleware', 'Digital', 'Operating System', 'Library', 'Licensing', 'Web Applications', 'Software Development', 'ImPACT', 'Framework', 'Digital Libraries', 'Usability', 'Debugging', 'Information Systems', 'XSLT', 'Scripting Language', 'HTML', 'XML', 'Parameter', 'Server-Side', 'Software Engineering', 'Balancing', 'Encapsulation', 'System Requirements', 'Load Balancing', 'Data Warehousing', 'Emerging Technologies', 'Trunking', 'Media', 'Abstractions', 'Recursion', 'Application', 'XHTML', 'Unit Testing', 'Environment', 'Scalability', 'Algorithms', 'Events', 'Warehousing', 'Education', 'XSL', 'Service', 'Scripting', 'Engineering'}",3.912023005428146
29,Interior Design,"['Art', 'ACT', 'Science', 'Interior Design', 'Framework']",5,[],1,20.0,"{'Interior Design', 'Science', 'ACT', 'Art', 'Framework'}",1.6094379124341005
31,Landscape Architecture,"['Landscape', 'Landscape Architecture', 'Environment', 'Architecture']",4,[],2,50.0,"{'Landscape', 'Landscape Architecture', 'Architecture', 'Environment'}",1.3862943611198906
33,Marine Biology,"['Geology', 'Marine Biology', 'Physics', 'Anatomy', 'Biology', 'Physiology', 'Taxonomy', 'Resource Management', 'Morphology', 'Algae', 'Marine Habitats', 'Go']",12,"['Geology', 'Physics', 'Anatomy', 'Biology', 'Physiology', 'Taxonomy', 'Morphology']",10,83.33333333333334,"{'Geology', 'Anatomy', 'Algae', 'Go', 'Physiology', 'Taxonomy', 'Resource Management', 'Marine Biology', 'Physics', 'Marine Habitats', 'Biology', 'Morphology'}",2.4849066497880004
34,Materials Engineering,"['Sintering', 'Working Drawings', 'Composites', 'Drawing', 'Metal Forming', 'Qualitative Analysis', 'Fluid Statics', 'Calorimetry', 'Elastic', 'Transport Phenomena', 'Organic Synthesis', 'Nucleation', 'Column Chromatography', 'Fabrication', 'Data Acquisition', 'Fatigue', 'Engineering Practices', 'Statistics', 'Ceramic Materials', 'Research And Development', 'Physics', 'Application', 'Laboratory Techniques', 'Alternating Current', 'Thermal Analysis', 'Environment', 'Organic Compounds', 'Production', 'Injection Molding', 'Engineering Research', 'Rolling', 'Waste Management', 'Molding', 'Capacitors', 'Chemical Reactions', 'Organic Chemistry', 'Distillation', 'Service', 'ANOVA', 'Extrusion', 'Binary Systems', 'Forging', 'Imaging', 'Casting', 'Science', 'Deformation', 'Random Variables', 'Biochemistry', 'Ceramics', 'Framework', 'Legislation', 'Resistors', 'Spectroscopy', 'Engineering', 'Assembly', 'CAD', 'Compressive Strength', 'Descriptive Geometry', 'Kinematics', 'Heat Transfer', 'Failure Analysis', 'Rigid Bodies', 'Probability', 'Non-Destructive Testing', 'Vibrations', 'Geometry', 'Microstructure', 'Optics', 'Calculations', 'Sample Preparation', 'Semiconductors', 'Electronics', 'Precipitation', 'Direct Current', 'Materials Engineering', 'Investment Decisions', 'Fluid', 'Sustainable Development', 'Scale', 'Advanced Mathematics', 'Equations', 'Energy', 'Dimensioning', 'Sampling', 'Machining', 'Differential Equations', 'Material', 'Derivatives', 'Chromatography', 'Economy', 'Chemistry', 'Reliability Testing', 'Statistical Software', 'Statistical software', 'Plant Design', 'Statistical Analysis', 'Waves', 'Waste Treatment', 'Destructive Testing', 'Time Value Of Money', 'ImPACT', 'STATISTICA', 'Electricity', 'Experimental Design', 'Acceptance Sampling']",105,"['Composites', 'Drawing', 'Calorimetry', 'Fabrication', 'Statistics', 'Physics', 'Capacitors', 'Distillation', 'Extrusion', 'Forging', 'Imaging', 'Casting', 'Deformation', 'Biochemistry', 'Ceramics', 'Legislation', 'Resistors', 'Spectroscopy', 'Kinematics', 'Probability', 'Geometry', 'Optics', 'Calculations', 'Semiconductors', 'Electronics', 'Precipitation', 'Equations', 'Dimensioning', 'Machining', 'Derivatives', 'Chromatography', 'Economy', 'Chemistry', 'STATISTICA', 'Electricity']",60,57.14285714285714,"{'Thermal Analysis', 'Material', 'Ceramic Materials', 'Chemical Reactions', 'Fabrication', 'Drawing', 'Fatigue', 'Statistics', 'Physics', 'Equations', 'Transport Phenomena', 'Casting', 'Extrusion', 'Calculations', 'STATISTICA', 'Biochemistry', 'Engineering Research', 'Sampling', 'Forging', 'Reliability Testing', 'Engineering Practices', 'Failure Analysis', 'Derivatives', 'Resistors', 'CAD', 'Chemistry', 'Legislation', 'Direct Current', 'Differential Equations', 'Qualitative Analysis', 'Vibrations', 'Calorimetry', 'Scale', 'Destructive Testing', 'Framework', 'Electricity', 'Geometry', 'Random Variables', 'Waste Treatment', 'Science', 'Alternating Current', 'Metal Forming', 'Heat Transfer', 'Economy', 'Environment', 'Waves', 'Capacitors', 'Materials Engineering', 'Organic Chemistry', 'Statistical Analysis', 'Fluid Statics', 'Experimental Design', 'Rigid Bodies', 'Laboratory Techniques', 'Production', 'Energy', 'ImPACT', 'Organic Compounds', 'Column Chromatography', 'Composites', 'Probability', 'ANOVA', 'Precipitation', 'Distillation', 'Fluid', 'Non-Destructive Testing', 'Semiconductors', 'Chromatography', 'Acceptance Sampling', 'Injection Molding', 'Organic Synthesis', 'Application', 'Time Value Of Money', 'Rolling', 'Advanced Mathematics', 'Working Drawings', 'Sample Preparation', 'Dimensioning', 'Deformation', 'Kinematics', 'Microstructure', 'Nucleation', 'Ceramics', 'Binary Systems', 'Assembly', 'Machining', 'Data Acquisition', 'Statistical software', 'Elastic', 'Sustainable Development', 'Descriptive Geometry', 'Optics', 'Electronics', 'Sintering', 'Spectroscopy', 'Waste Management', 'Molding', 'Compressive Strength', 'Investment Decisions', 'Research And Development', 'Imaging', 'Statistical Software', 'Service', 'Plant Design', 'Engineering'}",4.653960350157523
35,Mathematics,"['Algorithms', 'Simplex Algorithm', 'Error Analysis', 'Recursion', 'Polynomials', 'API', 'Coefficients', 'Polymorphism', 'Linear Algebra', 'Linear Systems', 'Equations', 'Calculus', 'Engineering', 'Securities', 'Isomorphism', 'Differential Equations', 'Data Structures', 'Abstract Data Types', 'Linear Programming', 'Numerical Differentiation', 'Derivatives', 'Sensitivity Analysis', 'C++', 'Life Sciences', 'Abstract Algebra', 'Permutation', 'Analytic Functions', 'Systems Of Equations', 'Object-Oriented Programming', 'Topology', 'Eigenvalues And Eigenvectors', 'C', 'Reciprocity', 'Probability', 'C Programming Language', 'Control Structures', 'Java', 'Object-oriented programming languages', 'Programming Concepts', 'Differentials', 'Geometry', 'Statistics', 'Linear Equations', 'Algebra', 'Programming languages', 'Mathematical Analysis', 'Euclidean Geometry', 'Differential Calculus', 'Polar Coordinates', 'Random Variables', 'Application', 'Exception Handling']",52,"['Algorithms', 'Recursion', 'Polymorphism', 'Equations', 'Calculus', 'Derivatives', 'C++', 'Topology', 'C', 'Reciprocity', 'Probability', 'Java', 'Differentials', 'Geometry', 'Statistics', 'Algebra']",28,53.84615384615385,"{'Abstract Data Types', 'C++', 'C Programming Language', 'Programming languages', 'Polar Coordinates', 'Eigenvalues And Eigenvectors', 'Differential Equations', 'Systems Of Equations', 'Differential Calculus', 'Linear Systems', 'Topology', 'Coefficients', 'Data Structures', 'Error Analysis', 'Statistics', 'Life Sciences', 'Exception Handling', 'Numerical Differentiation', 'Equations', 'Probability', 'Mathematical Analysis', 'Securities', 'Geometry', 'Analytic Functions', 'Differentials', 'Calculus', 'Polynomials', 'Isomorphism', 'Linear Programming', 'Random Variables', 'Permutation', 'Object-oriented programming languages', 'C', 'Programming Concepts', 'Object-Oriented Programming', 'Linear Equations', 'Recursion', 'Euclidean Geometry', 'Application', 'Sensitivity Analysis', 'Linear Algebra', 'Abstract Algebra', 'Reciprocity', 'Polymorphism', 'Control Structures', 'Algebra', 'Derivatives', 'Algorithms', 'Java', 'API', 'Simplex Algorithm', 'Engineering'}",3.951243718581428
36,Mechanical Engineering,"['Clipper', 'Working Drawings', 'Compressors', 'ACT', 'Drilling', 'Alternators', 'Foundry', 'ME', 'Calorimetry', 'Welding', 'Manufacturing', 'Conservation', 'Engineering Practices', 'Statistics', 'Application', 'Transformers', 'Engines', 'Sheet Metal', 'Feedback Control', 'Alternating Current', 'Mills', 'Grinding', 'Compression', 'Environment', 'Brake', 'Production', 'Thermodynamics', 'Numerical Differentiation', 'Fuel Injection', 'Control Systems', 'Engineering Research', 'Rolling', 'Hand Tools', 'Displacement', 'Service', 'Steam Power Plant', 'Cutter', 'Transistor', 'Metallurgy', 'Random Variables', 'Casting', 'Manufacturing Process', 'Installation', 'Mechanical Engineering', 'Mass Transfer', 'Engineering', 'Assembly', 'CAD', 'Descriptive Geometry', 'Kinematics', 'Power Generation', 'Machine Tools', 'Ventilation', 'Heat Transfer', 'Lathes', 'Rigid Bodies', 'Probability', 'Gas', 'Geometry', 'Inertia', 'Optics', 'Calculations', 'Electronics', 'Direct Current', 'Investment Decisions', 'Turbines', 'Mechanical Systems', 'Fluid', 'Steam Turbine', 'Scale', 'Advanced Mathematics', 'Equations', 'Energy', 'Dimensioning', 'Pulleys', 'Differential Equations', 'Shear', 'Chemistry', 'Statistical Software', 'Statistical software', 'Statistical Analysis', 'Occupational Safety And Health', 'Construction', 'Marketing', 'Occupational Safety', 'Waves', 'Research Design', 'Time Value Of Money', 'Curve Fitting', 'ImPACT', 'Frequency Domain', 'Refrigeration', 'Performance Analysis', 'Linear Equations', 'Electricity', 'Experimental Design', 'Damping']",97,"['Clipper', 'Compressors', 'Drilling', 'Alternators', 'Foundry', 'Calorimetry', 'Conservation', 'Statistics', 'Mills', 'Grinding', 'Thermodynamics', 'Transistor', 'Metallurgy', 'Casting', 'Installation', 'Kinematics', 'Ventilation', 'Lathes', 'Probability', 'Geometry', 'Inertia', 'Optics', 'Calculations', 'Electronics', 'Turbines', 'Equations', 'Dimensioning', 'Pulleys', 'Chemistry', 'Construction', 'Marketing', 'Refrigeration', 'Electricity']",55,56.70103092783505,"{'Inertia', 'Statistics', 'Numerical Differentiation', 'Equations', 'Displacement', 'Casting', 'Calculations', 'Hand Tools', 'Clipper', 'ME', 'Occupational Safety', 'Engineering Research', 'Damping', 'Mass Transfer', 'Performance Analysis', 'Installation', 'Engineering Practices', 'Steam Power Plant', 'Alternators', 'Pulleys', 'CAD', 'Chemistry', 'Direct Current', 'Differential Equations', 'Calorimetry', 'Scale', 'Electricity', 'Geometry', 'Drilling', 'ACT', 'Random Variables', 'Shear', 'Sheet Metal', 'Mechanical Systems', 'Alternating Current', 'Mechanical Engineering', 'Thermodynamics', 'Heat Transfer', 'Environment', 'Compressors', 'Manufacturing', 'Waves', 'Lathes', 'Construction', 'Statistical Analysis', 'Experimental Design', 'Rigid Bodies', 'Machine Tools', 'Compression', 'Production', 'Energy', 'ImPACT', 'Probability', 'Transformers', 'Grinding', 'Ventilation', 'Metallurgy', 'Mills', 'Fluid', 'Control Systems', 'Brake', 'Linear Equations', 'Application', 'Time Value Of Money', 'Rolling', 'Steam Turbine', 'Advanced Mathematics', 'Working Drawings', 'Conservation', 'Dimensioning', 'Kinematics', 'Curve Fitting', 'Gas', 'Transistor', 'Refrigeration', 'Frequency Domain', 'Fuel Injection', 'Manufacturing Process', 'Power Generation', 'Turbines', 'Assembly', 'Statistical software', 'Research Design', 'Engines', 'Welding', 'Descriptive Geometry', 'Optics', 'Occupational Safety And Health', 'Feedback Control', 'Cutter', 'Electronics', 'Foundry', 'Marketing', 'Investment Decisions', 'Statistical Software', 'Service', 'Engineering'}",4.574710978503383
37,Medical Technology,"['Hematology', 'Medical Technology', 'Microbiology', 'Banking', 'Microscopy', 'Training', 'Serology', 'Education', 'Immunology', 'Parasitology', 'Clinical Chemistry', 'Medical', 'Immunohematology', 'Urinalysis', 'Chemistry', 'Science', 'Blood Banking', 'Medical Laboratory']",18,"['Hematology', 'Banking', 'Microscopy', 'Serology', 'Immunology', 'Urinalysis', 'Chemistry']",10,55.55555555555556,"{'Immunohematology', 'Science', 'Medical Technology', 'Medical Laboratory', 'Blood Banking', 'Urinalysis', 'Microscopy', 'Training', 'Microbiology', 'Immunology', 'Banking', 'Parasitology', 'Medical', 'Education', 'Hematology', 'Clinical Chemistry', 'Chemistry', 'Serology'}",2.8903717578961645
38,Metallurgical Engineering,"['Fluid', 'Microscopy', 'Stoichiometry', 'Rehabilitation', 'Advanced Mathematics', 'Application', 'Laboratory Techniques', 'Equations', 'Alternating Current', 'Refining', 'Biotechnology', 'Energy', 'Accounting', 'Engineering', 'CAD', 'Grinding', 'Sampling', 'Environment', 'Fluid Statics', 'Powder Metallurgy', 'Differential Equations', 'Fracture Mechanics', 'Physical Chemistry', 'Training', 'Material', 'Kinematics', 'Composite Materials', 'Thermodynamics', 'Jurisprudence', 'Calorimetry', 'Elastic', 'Chemistry', 'Cast Iron', 'Experimental Design', 'Exploitation', 'Control Systems', 'Heat Transfer', 'Statistical Software', 'Statistical software', 'Failure Analysis', 'Rigid Bodies', 'Metallurgical Engineering', 'Probability', 'Data Presentation', 'Statistical Analysis', 'Service', 'Waves', 'Fatigue', 'Electrowinning', 'ImPACT', 'Dewatering', 'Statistics', 'Crystallography', 'Optics', 'Calculations', 'Mechanics', 'Casting', 'Random Variables', 'Environmental Regulations', 'Metallurgy', 'Physics', 'Roasting', 'Direct Current', 'Electricity', 'Underground Mining', 'Wastewater', 'Science', 'Deformation', 'Investment Decisions', 'Ceramics']",70,"['Microscopy', 'Rehabilitation', 'Equations', 'Refining', 'Biotechnology', 'Accounting', 'Grinding', 'Kinematics', 'Thermodynamics', 'Jurisprudence', 'Calorimetry', 'Chemistry', 'Exploitation', 'Probability', 'Dewatering', 'Statistics', 'Crystallography', 'Optics', 'Calculations', 'Mechanics', 'Casting', 'Metallurgy', 'Physics', 'Roasting', 'Electricity', 'Wastewater', 'Deformation', 'Ceramics']",43,61.42857142857143,"{'Laboratory Techniques', 'Material', 'Exploitation', 'Direct Current', 'Biotechnology', 'Dewatering', 'Rehabilitation', 'Differential Equations', 'Fracture Mechanics', 'Cast Iron', 'Energy', 'Fatigue', 'Calorimetry', 'Training', 'ImPACT', 'Mechanics', 'Ceramics', 'Wastewater', 'Stoichiometry', 'Service', 'Statistics', 'Statistical software', 'Physics', 'Elastic', 'Equations', 'Probability', 'Composite Materials', 'Statistical Analysis', 'Electrowinning', 'Electricity', 'Casting', 'Data Presentation', 'Grinding', 'Metallurgy', 'Random Variables', 'Calculations', 'Fluid', 'Control Systems', 'Optics', 'Metallurgical Engineering', 'Underground Mining', 'Science', 'Jurisprudence', 'Powder Metallurgy', 'Alternating Current', 'Microscopy', 'Application', 'Roasting', 'Thermodynamics', 'Environmental Regulations', 'Chemistry', 'Physical Chemistry', 'Heat Transfer', 'Sampling', 'Environment', 'Advanced Mathematics', 'Experimental Design', 'Waves', 'Crystallography', 'Investment Decisions', 'Failure Analysis', 'Statistical Software', 'Kinematics', 'Deformation', 'Refining', 'CAD', 'Accounting', 'Fluid Statics', 'Engineering', 'Rigid Bodies'}",4.248495242049359
39,Mining Engineering,"['Fluid', 'Median', 'Scale', 'Surveying Instruments', 'Working Drawings', 'Rehabilitation', 'Advanced Mathematics', 'Equations', 'Application', 'Economics', 'Assembly', 'Engineering', 'Energy', 'Mining Engineering', 'Accounting', 'Surveying', 'Dimensioning', 'CAD', 'Grinding', 'Sampling', 'Descriptive Geometry', 'Technical Writing', 'Compressed Air', 'Environment', 'Regression Analysis', 'Fluid Statics', 'Cartography', 'Differential Equations', 'Slope Stability', 'Cost Estimation', 'Production', 'Kinematics', 'Training', 'Calorimetry', 'Mechanical Ventilation', 'Material', 'Mineral Processing', 'Chemistry', 'Ventilation', 'Exploitation', 'Heat Transfer', 'Geology', 'Feasibility Studies', 'Rigid Bodies', 'Probability', 'Gas', 'Industrial Relations', 'Marketing', 'Statistical Analysis', 'Service', 'Surface Mining', 'Waves', 'Hydrometallurgy', 'Airflow', 'Research Design', 'Coal Mining', 'Time Value Of Money', 'Geometry', 'Engineering Practices', 'Dewatering', 'PIT', 'Crystallography', 'Statistics', 'Environmental Laws', 'Hoisting', 'Optics', 'Calculations', 'Mechanics', 'Operations Research', 'Metallurgy', 'Electricity', 'Underground Mining', 'Haulage', 'Deformation', 'Investment Decisions']",75,"['Median', 'Rehabilitation', 'Equations', 'Accounting', 'Dimensioning', 'Grinding', 'Kinematics', 'Calorimetry', 'Chemistry', 'Ventilation', 'Exploitation', 'Geology', 'Probability', 'Marketing', 'Airflow', 'Geometry', 'Dewatering', 'Crystallography', 'Statistics', 'Hoisting', 'Optics', 'Calculations', 'Mechanics', 'Metallurgy', 'Electricity', 'Haulage', 'Deformation']",45,60.0,"{'Material', 'Exploitation', 'Hoisting', 'Production', 'Cost Estimation', 'Rehabilitation', 'Differential Equations', 'Regression Analysis', 'Hydrometallurgy', 'Energy', 'Dewatering', 'Scale', 'Compressed Air', 'Assembly', 'Median', 'Training', 'Calorimetry', 'Mechanics', 'Industrial Relations', 'Service', 'Statistics', 'Haulage', 'Environmental Laws', 'Research Design', 'Geology', 'Equations', 'Probability', 'Statistical Analysis', 'PIT', 'Operations Research', 'Electricity', 'Geometry', 'Economics', 'Coal Mining', 'Grinding', 'Ventilation', 'Metallurgy', 'Slope Stability', 'Calculations', 'Fluid', 'Cartography', 'Descriptive Geometry', 'Mineral Processing', 'Optics', 'Mechanical Ventilation', 'Underground Mining', 'Feasibility Studies', 'Technical Writing', 'Surveying Instruments', 'Application', 'Time Value Of Money', 'Chemistry', 'Marketing', 'Airflow', 'Heat Transfer', 'Sampling', 'Environment', 'Mining Engineering', 'Advanced Mathematics', 'Waves', 'Working Drawings', 'Crystallography', 'Investment Decisions', 'Dimensioning', 'Engineering Practices', 'Surface Mining', 'Kinematics', 'Deformation', 'Gas', 'Surveying', 'CAD', 'Accounting', 'Fluid Statics', 'Engineering', 'Rigid Bodies'}",4.31748811353631
40,Nursing,"['Application', 'Nursing']",2,['Nursing'],1,50.0,"{'Nursing', 'Application'}",0.6931471805599453
41,Nutrition and Dietetics,"['Menu Planning', 'Cancer', 'Pathophysiology', 'Scale', 'Education', 'Quantification', 'Safety Standards', 'Nutrition Education', 'Communicable Diseases', 'Nutrition Counseling', 'Recipes', 'Cost Control', 'Patient Care', 'Cooking', 'Training', 'Production', 'Facilities Planning', 'Food Processing', 'Purchasing', 'Dietetics', 'Medical', 'Entrepreneurship', 'Economy', 'Public Health', 'Nervous Systems', 'Food', 'Skin Disorders', 'Medical Nutrition Therapy', 'Merchandising', 'Ecology', 'Nutrition', 'Catering Management', 'Practicum', 'Service', 'Procurement', 'Laboratory Experience', 'Git', 'Metabolic Disorders', 'Food Safety And Sanitation', 'Community Nutrition', 'Science', 'Application', 'Dissemination', 'Nutritional Assessment']",44,"['Cancer', 'Pathophysiology', 'Quantification', 'Recipes', 'Cooking', 'Purchasing', 'Dietetics', 'Entrepreneurship', 'Economy', 'Merchandising', 'Ecology', 'Practicum', 'Procurement', 'Git', 'Dissemination']",25,56.81818181818182,"{'Production', 'Menu Planning', 'Scale', 'Training', 'Medical', 'Public Health', 'Service', 'Community Nutrition', 'Nutrition', 'Food', 'Purchasing', 'Dissemination', 'Entrepreneurship', 'Laboratory Experience', 'Patient Care', 'Skin Disorders', 'Ecology', 'Safety Standards', 'Metabolic Disorders', 'Science', 'Procurement', 'Quantification', 'Merchandising', 'Medical Nutrition Therapy', 'Git', 'Cost Control', 'Application', 'Food Processing', 'Pathophysiology', 'Nutritional Assessment', 'Recipes', 'Facilities Planning', 'Economy', 'Catering Management', 'Nutrition Counseling', 'Food Safety And Sanitation', 'Practicum', 'Cooking', 'Dietetics', 'Nutrition Education', 'Communicable Diseases', 'Education', 'Cancer', 'Nervous Systems'}",3.784189633918261
42,Occupational Therapy,"['Education', 'Occupational Therapy', 'Science']",3,[],1,33.33333333333333,"{'Education', 'Occupational Therapy', 'Science'}",1.0986122886681098
43,Optometry,"['Optics', 'Education', 'Biology', 'Medical', 'Science', 'Optometry']",6,"['Optics', 'Biology', 'Optometry']",3,50.0,"{'Optometry', 'Science', 'Medical', 'Education', 'Biology', 'Optics'}",1.791759469228055
44,Pharmacy,"['Infectious Diseases', 'Microbiology', 'Pharmaceutical', 'Pharmacy', 'Morphology']",5,"['Pharmacy', 'Morphology']",3,60.0,"{'Infectious Diseases', 'Pharmaceutical', 'Pharmacy', 'Microbiology', 'Morphology'}",1.6094379124341005
45,Physical Therapy,"['Training', 'Education', 'Rehabilitation', 'Geriatrics', 'Anatomy', 'Science', 'Physical Therapy']",7,"['Rehabilitation', 'Anatomy']",3,42.85714285714285,"{'Anatomy', 'Science', 'Rehabilitation', 'Physical Therapy', 'Training', 'Geriatrics', 'Education'}",1.9459101490553128
46,Physics,"['Secondary Education', 'Dielectrics', 'On-The-Job Training', 'Education', 'Linear Algebra', 'Digital Electronics', 'Laboratory Techniques', 'Equations', 'Polarization', 'Calculus', 'Photoelectric Effect', 'Quantum Mechanics', 'Energy', 'Spectroscopy', 'Intellectual Property', 'Differential Equations', 'Computer Programming', 'Thermodynamic Systems', 'Training', 'Geometrical Optics', 'Property Rights', 'Modern Physics', 'Thermodynamics', 'Health Physics', 'Classical Physics', 'Entrepreneurship', 'Mathematical Physics', 'Electromagnetic Waves', 'Transport Phenomena', 'Astrophysics', 'Relativistic Mechanics', 'Electronic Systems', 'Self', 'Refractive Index', 'Laboratory Equipment', 'Optical Waveguides', 'Laser', 'Rigid Bodies', 'Probability', 'Quantization', 'Gas', 'Atomic Physics', 'Conservation', 'Instrumentation', 'Numerical Analysis', 'Marketing', 'ASA', 'Waves', 'Differential Geometry', 'Vibrations', 'Statistical Methods', 'Geometry', 'Physical Optics', 'Data Processing', 'Statistics', 'Molecular Physics', 'Algebra', 'Acoustics', 'Optics', 'Wave Mechanics', 'Semiconductor Lasers', 'Mechanics', 'Physics', 'Electronics', 'Electricity', 'Continuum Mechanics', 'Computational Physics', 'Electromagnetism', 'Laser Applications', 'Application', 'Holography', 'Digital']",72,"['Equations', 'Calculus', 'Spectroscopy', 'Thermodynamics', 'Entrepreneurship', 'Laser', 'Probability', 'Quantization', 'Conservation', 'Instrumentation', 'Marketing', 'Geometry', 'Statistics', 'Algebra', 'Acoustics', 'Optics', 'Mechanics', 'Physics', 'Electronics', 'Electricity', 'Electromagnetism']",35,48.61111111111111,"{'Laboratory Techniques', 'Intellectual Property', 'Differential Equations', 'Mathematical Physics', 'Physical Optics', 'Energy', 'Vibrations', 'Computational Physics', 'Training', 'Health Physics', 'Mechanics', 'Digital', 'Statistics', 'Acoustics', 'Laboratory Equipment', 'Physics', 'Dielectrics', 'Electronic Systems', 'Equations', 'Probability', 'Transport Phenomena', 'Electricity', 'Thermodynamic Systems', 'Entrepreneurship', 'Geometry', 'Quantum Mechanics', 'Self', 'Computer Programming', 'Refractive Index', 'Laser Applications', 'Holography', 'Photoelectric Effect', 'Calculus', 'Numerical Analysis', 'Electromagnetic Waves', 'Differential Geometry', 'Statistical Methods', 'Optics', 'Geometrical Optics', 'Atomic Physics', 'Electromagnetism', 'ASA', 'Semiconductor Lasers', 'Laser', 'On-The-Job Training', 'Electronics', 'Classical Physics', 'Relativistic Mechanics', 'Thermodynamics', 'Spectroscopy', 'Astrophysics', 'Marketing', 'Application', 'Digital Electronics', 'Linear Algebra', 'Secondary Education', 'Optical Waveguides', 'Data Processing', 'Wave Mechanics', 'Waves', 'Continuum Mechanics', 'Molecular Physics', 'Polarization', 'Conservation', 'Algebra', 'Quantization', 'Modern Physics', 'Gas', 'Education', 'Property Rights', 'Instrumentation', 'Rigid Bodies'}",4.276666119016055
47,Psychology,"['Experimentation', 'Psychological Intervention', 'Profiling', 'Education', 'ACT', 'Surveying', 'Mental Health', 'Social Psychology', 'Educational Psychology', 'Psychological Testing', 'Training', 'Human Resource Management', 'Organizational Change', 'Clinical Psychology', 'Focus Group', 'Empirical Research', 'Research Reports', 'Disabilities', 'Abnormal Psychology', 'Conceptual Framework', 'Self', 'Disaster Preparedness', 'Practicum', 'Construction', 'Psychology', 'Conflict Resolution', 'ImPACT', 'Statistics', 'Group Dynamics', 'Resource Management', 'Neuroscience', 'Science', 'Application', 'Human Development', 'Framework']",35,"['Experimentation', 'Disabilities', 'Practicum', 'Construction', 'Psychology', 'Statistics']",22,62.85714285714285,"{'Training', 'ImPACT', 'Framework', 'Statistics', 'Psychological Testing', 'Conceptual Framework', 'Group Dynamics', 'Neuroscience', 'Disaster Preparedness', 'Education', 'Self', 'Educational Psychology', 'Clinical Psychology', 'ACT', 'Research Reports', 'Conflict Resolution', 'Human Development', 'Experimentation', 'Disabilities', 'Science', 'Abnormal Psychology', 'Human Resource Management', 'Organizational Change', 'Psychological Intervention', 'Psychology', 'Application', 'Profiling', 'Empirical Research', 'Social Psychology', 'Practicum', 'Mental Health', 'Focus Group', 'Resource Management', 'Construction', 'Surveying'}",3.555348061489413
48,Radiologic Technology,"['Education', 'Application', 'Image Quality', 'Communicating With Patients', 'Technology Education', 'Radiography', 'Breast Imaging', 'Infection Control', 'Mammography', 'Digital Imaging', 'Patient Care', 'Media', 'Production', 'Angiography', 'Certain', 'Radiation Protection', 'Jurisprudence', 'Contrast Media Administration', 'Nuclear Medicine', 'Medical', 'Entrepreneurship', 'Informatics', 'Preventive Maintenance', 'Medical Jurisprudence', 'Ionizing Radiation', 'Medicine', 'Medical Diagnosis', 'Radiology', 'Instrumentation', 'Service', 'Pharmacology', 'Infection', 'Patient Education', 'Knowledge Base', 'ImPACT', 'Therapeutic Modalities', 'Contrast Medium', 'Archives', 'Regulatory Requirements', 'Anatomy', 'Medical Imaging', 'Electromagnetism', 'Electricity', 'Patient Preparation', 'Imaging', 'Oncology', 'X-Rays', 'Transformers', 'Digital']",49,"['Radiography', 'Mammography', 'Certain', 'Jurisprudence', 'Entrepreneurship', 'Informatics', 'Radiology', 'Instrumentation', 'Pharmacology', 'Infection', 'Archives', 'Anatomy', 'Electromagnetism', 'Electricity', 'Imaging', 'Oncology', 'X-Rays']",31,63.26530612244898,"{'Infection', 'Production', 'Regulatory Requirements', 'Therapeutic Modalities', 'ImPACT', 'Radiography', 'Medical', 'Medical Jurisprudence', 'Service', 'Medical Diagnosis', 'Digital', 'Patient Education', 'Digital Imaging', 'Electricity', 'Image Quality', 'Entrepreneurship', 'Radiology', 'Transformers', 'Medicine', 'Patient Care', 'Medical Imaging', 'Communicating With Patients', 'Archives', 'Preventive Maintenance', 'Electromagnetism', 'Breast Imaging', 'Jurisprudence', 'Pharmacology', 'Media', 'Application', 'Certain', 'Radiation Protection', 'Contrast Media Administration', 'X-Rays', 'Knowledge Base', 'Contrast Medium', 'Ionizing Radiation', 'Technology Education', 'Infection Control', 'Nuclear Medicine', 'Angiography', 'Mammography', 'Informatics', 'Anatomy', 'Imaging', 'Oncology', 'Education', 'Instrumentation', 'Patient Preparation'}",3.8918202981106265
51,Speech Language Pathology,"['Clinical Reasoning', 'Cancer', 'Hygiene', 'Audiometry', 'Rehabilitation', 'Education', 'Qualitative Research', 'Speech Disorders', 'Articulation', 'Physiology', 'Language Disorders', 'Cleft Lip And Palate', 'Social Support', 'Communication Strategies', 'Training', 'Production', 'Language Acquisition', 'Transcription', 'SKILL', 'Deductive Reasoning', 'Speech-Language Pathology', 'Language Assessment', 'Self', 'Swallowing Disorders', 'Statistical Analysis', 'Instrumentation', 'Etiology', 'Phonology', 'Pathology', 'Differential Diagnosis', 'ImPACT', 'Scientific Writing', 'Stage', 'Anatomy', 'Fluency Disorders', 'Application', 'Communication Disorders', 'Human Development']",38,"['Cancer', 'Hygiene', 'Audiometry', 'Rehabilitation', 'Articulation', 'Physiology', 'Instrumentation', 'Pathology', 'Stage', 'Anatomy']",20,52.63157894736842,"{'Language Assessment', 'Articulation', 'Production', 'Rehabilitation', 'Speech-Language Pathology', 'Swallowing Disorders', 'Qualitative Research', 'Training', 'ImPACT', 'Transcription', 'Audiometry', 'Physiology', 'Language Disorders', 'Self', 'Hygiene', 'Communication Strategies', 'Phonology', 'Human Development', 'Deductive Reasoning', 'Communication Disorders', 'Social Support', 'SKILL', 'Pathology', 'Cleft Lip And Palate', 'Language Acquisition', 'Application', 'Anatomy', 'Etiology', 'Fluency Disorders', 'Clinical Reasoning', 'Stage', 'Scientific Writing', 'Cancer', 'Education', 'Differential Diagnosis', 'Instrumentation', 'Statistical Analysis', 'Speech Disorders'}",3.6375861597263857
52,Statistics,"['Statistical Hypothesis Testing', 'Experimentation', 'Block Design', 'Factor Analysis', 'On-The-Job Training', 'Linear Regression', 'Cluster Analysis', 'HIS', 'Canonical Correlation', 'Sampling', 'Environment', 'Training', 'Indicators', 'Jenkins', 'ARIMA', 'Component Analysis', 'Self', 'Categorical Data', 'Official Statistics', 'Probability', 'Construction', 'Kurtosis', 'Correlation Analysis', 'Analysis Of Covariance', 'Statistics', 'Latin', 'Data Quality', 'Stage', 'Questionnaire Design', 'Time Series', 'Square', 'Completely Randomized Design', 'Normal Distribution', 'Random Variables', 'Application', 'Bayesian Probability', 'Principal Component Analysis']",37,"['Experimentation', 'Jenkins', 'Probability', 'Construction', 'Statistics', 'Latin', 'Stage', 'Square']",18,48.64864864864865,"{'Block Design', 'Training', 'Indicators', 'ARIMA', 'Statistics', 'Kurtosis', 'Time Series', 'Probability', 'Official Statistics', 'Categorical Data', 'Factor Analysis', 'Self', 'Principal Component Analysis', 'Random Variables', 'Questionnaire Design', 'Linear Regression', 'Experimentation', 'Latin', 'HIS', 'Square', 'Canonical Correlation', 'On-The-Job Training', 'Application', 'Analysis Of Covariance', 'Bayesian Probability', 'Sampling', 'Environment', 'Jenkins', 'Statistical Hypothesis Testing', 'Normal Distribution', 'Correlation Analysis', 'Cluster Analysis', 'Stage', 'Component Analysis', 'Construction', 'Completely Randomized Design', 'Data Quality'}",3.610917912644224
53,Veterinary Medicine,"['Medicine', 'Education', 'Aquatic Animals', 'Medical', 'Veterinary Medicine', 'Public Health', 'Veterinary', 'Science', 'Medical Science', 'Dissemination', 'Animal Science', 'Environment']",12,['Dissemination'],5,41.66666666666667,"{'Environment', 'Animal Science', 'Science', 'Dissemination', 'Medicine', 'Aquatic Animals', 'Medical Science', 'Medical', 'Public Health', 'Veterinary Medicine', 'Education', 'Veterinary'}",2.4849066497880004
